id,category,true_risk,predicted,correct
1,bank_kyc,High,High,True
2,bank_otp,High,High,True
3,bank_card,High,High,True
4,bank_upi,High,High,True
5,lottery_kbc,High,High,True
6,lottery_gift,High,High,True
7,job_task,High,High,True
8,job_offer,High,High,True
9,courier_customs,High,High,True
10,courier_address,High,High,True
11,electricity,High,Medium,False
12,gas_kyc,High,High,True
13,income_tax,High,High,True
14,challan,High,High,True
15,sim_block,High,Medium,False
16,family_emergency,High,High,True
17,investment,High,High,True
18,crypto,High,High,True
19,loan_app,High,High,True
20,refund_remote,High,High,True
21,romance,High,High,True
22,scholarship,High,High,True
23,pan_update,High,High,True
24,wa_hacked,High,High,True
25,promo_unknown,Medium,High,False
26,survey_reward,Medium,Medium,True
27,unknown_job,Medium,Low,False
28,unknown_credit,Medium,Medium,True
29,delivery_ok,Low,Low,True
30,otp_ok,Low,Low,True
31,bank_debit_ok,Low,Low,True
32,friend_ok,Low,Low,True
33,recharge_ok,Low,Low,True
34,appointment_ok,Low,Low,True
35,college_ok,Low,Low,True
36,train_ok,Low,Low,True
37,food_ok,Low,Low,True
38,emi_ok,Low,Low,True
39,otp_food_ok,Low,Low,True
40,family_ok,Low,Low,True
